ID,structure,ecotype,species,lat,long,depth,sal_bottom,temp_bottom,sal_surface,temp_surface,Geothermal,current_velocity
E5493A,cluster1,bransfield_mouth,hex,-62.278167,-55.832667,302,34.52473,-0.42546,34.23211,-0.86594,65.62001,0.01941
E5493B,cluster1,bransfield_mouth,hex,-62.278167,-55.832667,302,34.52473,-0.42546,34.23211,-0.86594,65.62001,0.01941
E5493C,cluster1,bransfield_mouth,hex,-62.278167,-55.832667,302,34.52473,-0.42546,34.23211,-0.86594,65.62001,0.01941
E5493D,cluster1,bransfield_mouth,hex,-62.278167,-55.832667,302,34.52473,-0.42546,34.23211,-0.86594,65.62001,0.01941
E5493E,cluster1,bransfield_mouth,hex,-62.278167,-55.832667,302,34.52473,-0.42546,34.23211,-0.86594,65.62001,0.01941
E5493F,cluster1,bransfield_mouth,hex,-62.278167,-55.832667,302,34.52473,-0.42546,34.23211,-0.86594,65.62001,0.01941
E5493G,cluster1,bransfield_mouth,hex,-62.278167,-55.832667,302,34.52473,-0.42546,34.23211,-0.86594,65.62001,0.01941
E5493H,cluster1,bransfield_mouth,hex,-62.278167,-55.832667,302,34.52473,-0.42546,34.23211,-0.86594,65.62001,0.01941
E5493I,cluster1,bransfield_mouth,hex,-62.278167,-55.832667,302,34.52473,-0.42546,34.23211,-0.86594,65.62001,0.01941
E5493J,cluster1,bransfield_mouth,hex,-62.278167,-55.832667,302,34.52473,-0.42546,34.23211,-0.86594,65.62001,0.01941
S0036A,cluster1,south_georgia,hex,-55.05153,-35.3955,119,34.45168,0.42668,33.93522,0.87093,NA,0.04623
S0036B,cluster2,south_georgia,hex,-55.05153,-35.3955,119,34.45168,0.42668,33.93522,0.87093,NA,0.04623
S0036C,cluster2,south_georgia,hex,-55.05153,-35.3955,119,34.45168,0.42668,33.93522,0.87093,NA,0.04623
S0036D,cluster2,south_georgia,hex,-55.05153,-35.3955,119,34.45168,0.42668,33.93522,0.87093,NA,0.04623
S0036E,cluster2,south_georgia,hex,-55.05153,-35.3955,119,34.45168,0.42668,33.93522,0.87093,NA,0.04623
S0036F,cluster2,south_georgia,hex,-55.05153,-35.3955,119,34.45168,0.42668,33.93522,0.87093,NA,0.04623
S0036G,cluster2,south_georgia,hex,-55.05153,-35.3955,119,34.45168,0.42668,33.93522,0.87093,NA,0.04623
S0036H,cluster2,south_georgia,hex,-55.05153,-35.3955,119,34.45168,0.42668,33.93522,0.87093,NA,0.04623
S0036I,cluster2,south_georgia,hex,-55.05153,-35.3955,119,34.45168,0.42668,33.93522,0.87093,NA,0.04623
S0036J,cluster2,south_georgia,hex,-55.05153,-35.3955,119,34.45168,0.42668,33.93522,0.87093,NA,0.04623
S3070,cluster2,shag_rocks,hex,-53.53233,-41.62819,131,34.67275,0.59658,33.88671,2.18254,NA,NA
S3533O,cluster2,shag_rocks,hex,-53.72219,-41.46619,180,34.67136,0.59658,33.88846,2.15318,NA,0.0636
S3753,cluster2,shag_rocks,hex,-53.45317,-42.0579,174,34.69193,0.74574,33.8891,2.32077,NA,0.05014
S3754,cluster2,shag_rocks,hex,-53.45317,-42.0579,174,34.69193,0.74574,33.8891,2.32077,NA,0.05014
S3755,cluster2,shag_rocks,hex,-53.45317,-42.0579,174,34.69193,0.74574,33.8891,2.32077,NA,0.05014
S3756,cluster2,shag_rocks,hex,-53.45317,-42.0579,174,34.69193,0.74574,33.8891,2.32077,NA,0.05014
S3757,cluster2,shag_rocks,hex,-53.45317,-42.0579,174,34.69193,0.74574,33.8891,2.32077,NA,0.05014
S3758,cluster2,shag_rocks,hex,-53.45317,-42.0579,174,34.69193,0.74574,33.8891,2.32077,NA,0.05014
S3759,cluster2,shag_rocks,hex,-53.45317,-42.0579,174,34.69193,0.74574,33.8891,2.32077,NA,0.05014
S3760,cluster2,shag_rocks,hex,-53.45317,-42.0579,174,34.69193,0.74574,33.8891,2.32077,NA,0.05014
WAMZ43230,cluster2,heard_is,hex,-52.3554,74.801,203,34.16496,1.15333,33.8806,2.17181,NA,0.05678
WAMZ43231,cluster2,heard_is,hex,-52.3554,74.801,203,34.16496,1.15333,33.8806,2.17181,NA,0.05678
WAMZ43232,cluster2,heard_is,hex,-52.3554,74.801,203,34.16496,1.15333,33.8806,2.17181,NA,0.05678
WAMZ43233,cluster2,heard_is,hex,-52.3554,74.801,203,34.16496,1.15333,33.8806,2.17181,NA,0.05678
WAMZ43234,cluster2,heard_is,hex,-52.3554,74.801,203,34.16496,1.15333,33.8806,2.17181,NA,0.05678
WAMZ43235,cluster2,heard_is,hex,-52.3554,74.801,203,34.16496,1.15333,33.8806,2.17181,NA,0.05678
WAMZ43236,cluster2,heard_is,hex,-52.3554,74.801,203,34.16496,1.15333,33.8806,2.17181,NA,0.05678
WAMZ43237,cluster2,heard_is,hex,-52.3554,74.801,203,34.16496,1.15333,33.8806,2.17181,NA,0.05678
WAMZ43238,cluster2,heard_is,hex,-52.3554,74.801,203,34.16496,1.15333,33.8806,2.17181,NA,0.05678
WAMZ43239,cluster2,heard_is,hex,-52.3554,74.801,203,34.16496,1.15333,33.8806,2.17181,NA,0.05678